Shop,Category,Model
Mobi-Point,Fresh Mobiles,Vivo - Y91 3GB/32
Mobi-Point,Fresh Mobiles,Vivo - Y 11 3GB/32
Mobi-Point,Fresh Mobiles,Realme - 7 6GB/64
Mobi-Point,Fresh Mobiles,Realme - C12 3GB/32
Mobi-Point,Used Mobiles,Samsung - J 2 1GB/8
Mobi-Point,Used Mobiles,MOTO - G 4 + 4GB/32
Mobi-Point,Back Case,Samsung - M01 Printed case 
Mobi-Point,Back Case,Samsung - ON7 Printed case 
Mobi-Point,Back Case,Samsung - ON7 Smoke case 
Mobi-Point,Back Case,Samsung - ON7 Normal case 
Mobi-Point,Back Case,Samsung - ON7 Leather case 
Mobi-Point,Flip Case,Vivo - Y15 Blach
Mobi-Point,Flip Case,Vivo - Y17 Blue
Mobi-Point,Flip Case,Vivo - Y95 Blach
Mobi-Point,Flip Case,Vivo - Y93 Blach
Mobi-Point,Flip Case,Realme - 7i Blue
Mobi-Point,Flip Case,Realme - C15 Gold
Mobi-Point,Flip Case,Realme - 5 Blue
Mobi-Point,Tempered Glass,Samsung - A20
Mobi-Point,Tempered Glass,Samsung - A50
Mobi-Point,Tempered Glass,Samsung - S9+
Mobi-Point,Tempered Glass,Samsung - J6+
Mobi-Point,Tempered Glass,Samsung - J7 PRIME
Mobi-Point,Tempered Glass,Samsung - J7 MAX
Mobi-Point,Tempered Glass - Half Temper,Vivo - Y67
Mobi-Point,Tempered Glass - Half Temper,Vivo - Y53
Mobi-Point,Tempered Glass - Half Temper,Coolpad - MEGA
Mobi-Point,Tempered Glass - Half Temper,Gionee - M5 LITE
Mobi-Point,Tempered Glass - Half Temper,Gionee - A1
Mobi-Point,Tempered Glass - Half Temper,Lenovo - A600
Mobi-Point,Tempered Glass - Half Temper,Lenovo - K4 Note
Mobi-Point,Tempered Glass - Half Temper,Lenovo - A-100
Mobi-Point,Tempered Glass - Half Temper,Lenovo - K6 Note
Mobi-Point,Tempered Glass - Half Temper,Amac - CHN - 17 - 1.8A
Mobi-Point,Charger,Rayon - RY - S31 - 2.1A
Mobi-Point,Charger,Ubon - CH - 60 - 2.4A 
Mobi-Point,Charger,Robotek - SC - 221 - 1.2A
Mobi-Point,Charger,ERD - TC - 50 Pro - 2 Amp USB
Mobi-Point,Charger,ERD - TC - 40 Pro - 1 Amp USB
Mobi-Point,Charger,KDM - KM - TA02  - 1.0 A
Mobi-Point,Charger,Ubon - CH - 586 - 2.4A
Mobi-Point,Car Charger,Rayon - 3.4A
Mobi-Point,Car Charger,V V - Auto - id 2.4A
Mobi-Point,Car Charger,ROCKET - MT - 180
Mobi-Point,Car Charger,EMY - 4.2
Mobi-Point,Car Charger,Ubon - WR - 550 - 2.4A
Mobi-Point,USB Cable,Ubon -  WR - 570 - 3.4A
Mobi-Point,USB Cable,Ubon -  WR - 167
Mobi-Point,USB Cable,KDM - DC 7 - 2.4A
Mobi-Point,USB Cable,Ubon Thunder - WR - 386
Mobi-Point,USB Cable,Robotek - DC - 102 
Mobi-Point,USB Cable,Vooc - DL 118
Mobi-Point,USB Cable,UBON  V8 - CH - 595 1.0A
Mobi-Point,USB Cable,RIVERA - MMX-Q402
Mobi-Point,Battery,RIVERA - SAM-G360H/J2
Mobi-Point,Battery,RIVERA - SAM-J7
Mobi-Point,Battery,RIVERA - A600
Mobi-Point,Neck Band,UNIX - UX-400
Mobi-Point,Neck Band,KONIYOCI - KW-90
Mobi-Point,Neck Band,WIRELESS - WI-H700
Mobi-Point,Neck Band,UBON - CL-20
Mobi-Point,Headset,UBON - UB-81
Mobi-Point,Headset,UBON - UB-780 CHAMP
Mobi-Point,Headset,UBON - UB-708 CHAMP
Mobi-Point,Headset,SAMSUNG - YR(BLACK)
Mobi-Point,Headset,SAMSUNG - YR(WHITE)
Mobi-Point,Headset,SAMSUNG - D8752
Mobi-Point,Headset,ST - GC-L1
Mobi-Point,Bluetooth,KM - KDM-A2-112
Mobi-Point,Bluetooth,UBON - SP-6820
Mobi-Point,Speaker,UBON - SP-39
Mobi-Point,Speaker,UBON - SP-48
Mobi-Point,Speaker,SS GOLD - SM-887
