Supplier,Shop,Email,Mobile,Address,GSTIN
H4 TECHNOLOGIES,Mobi-Point,test@gmail.com,9894932404,COIMBATORE,33AKHPA4614P1Z7
V Connect Distributors,Mobi-Point,test@gmail.com,9087552200,"983 9th street, cross cut Road, gandhipuram , coimbatore 641012",33AAKFV9118L1ZO
MARUTHI ENTERPRISES,Mobi-Point,test@gmail.com,9855562301,"458,S.Ramasamy Nagar,Ramanathapuram,Coimbatore",33ANDPA2362B1ZX
BLUTEC,Mobi-Point,test@gmail.com,4226542202,"#1,RANI GARDEN,BEHIND SHANTHI GEARS LIMITED B-UNIT,SINGANALLUR,COIMBATORE-641005",33AAMFB9832F1ZE
THANVANTH AGENCIES,Mobi-Point,test@gmail.com,9944579888,"NO.23,ASHISH PLAZA,DR.RADHHAKRISHNA ROAD,GANDHIPURAM,COIMBATORE.",33ECIPK6887B1ZF
SHRI VARI&CO,Mobi-Point,test@gmail.com,7339409797,"93/16 3RD FLOOR, WEST SAMBANTHAM ROAD  RS PURAM,COIMBATORE",33ABZFS4058A1Z0
FANGS TECHNOLOGY PVT LTD,Mobi-Point,test@gmail.com,7824058994,New 02/141 mount road lane saidapet chennai.60015,33AACCF4498A1ZW
MARUDHAR MOBILES,Mobi-Point,test@gmail.com,9543217219,"NO- 82 A ,DEVANGAPET STREET NO-2 NEAR FLOWER MARKET,COIMBATORE",33ADFPT9592G1Z1
SHREE COMMUNICATINOS,Mobi-Point,test@gmail.com,9894159306,112 B GROUND FLOOR R S PURAM COIMBATORE 641002,33ACQFS9886E1Z9
